[
  {
      "vlanshowbr-shutstate": "noshutdown",
      "vlanshowbr-vlanid": "1",
      "vlanshowbr-vlanid-utf": "1",
      "vlanshowbr-vlanname": "default",
      "vlanshowbr-vlanstate": "active",
      "vlanshowplist-ifidx": "Ethernet1/2,Ethernet1/3,Ethernet1/4,Ethernet1/5,Ethernet1/6,Ethernet1/7,Ethernet1/8,Ethernet1/9,Ethernet1/10,Ethernet1/11,Ethernet1/12,Ethernet1/13,Ethernet1/14,Ethernet1/15,Ethernet1/16,Ethernet1/17,Ethernet1/18,Ethernet1/19,Ethernet1/20,Ethernet1/21,Ethernet1/22,Ethernet1/23,Ethernet1/24,Ethernet1/25,Ethernet1/26,Ethernet1/27,Ethernet1/28,Ethernet1/29,Ethernet1/30,Ethernet1/31,Ethernet1/32,Ethernet1/33,Ethernet1/34,Ethernet1/35,Ethernet1/36,Ethernet1/37,Ethernet1/38,Ethernet1/39,Ethernet1/40,Ethernet1/41,Ethernet1/42,Ethernet1/43,Ethernet1/44,Ethernet1/45,Ethernet1/46,Ethernet1/47,Ethernet1/48,Ethernet1/49,Ethernet1/50,Ethernet1/51,Ethernet1/52,Ethernet1/53,Ethernet1/54,Ethernet1/55,Ethernet1/56,Ethernet1/57,Ethernet1/58,Ethernet1/59,Ethernet1/60,Ethernet1/61,Ethernet1/62,Ethernet1/63,Ethernet1/64"
  },
  {
      "vlanshowbr-shutstate": "noshutdown",
      "vlanshowbr-vlanid": "5",
      "vlanshowbr-vlanid-utf": "5",
      "vlanshowbr-vlanname": "g",
      "vlanshowbr-vlanstate": "active"
  },
  {
      "vlanshowbr-shutstate": "noshutdown",
      "vlanshowbr-vlanid": "6",
      "vlanshowbr-vlanid-utf": "6",
      "vlanshowbr-vlanname": "lss",
      "vlanshowbr-vlanstate": "active"
  },
  {
      "vlanshowbr-shutstate": "noshutdown",
      "vlanshowbr-vlanid": "9",
      "vlanshowbr-vlanid-utf": "9",
      "vlanshowbr-vlanname": "lala",
      "vlanshowbr-vlanstate": "active"
  },
  {
      "vlanshowbr-shutstate": "noshutdown",
      "vlanshowbr-vlanid": "12",
      "vlanshowbr-vlanid-utf": "12",
      "vlanshowbr-vlanname": "dg",
      "vlanshowbr-vlanstate": "active"
  },
  {
      "vlanshowbr-shutstate": "noshutdown",
      "vlanshowbr-vlanid": "14",
      "vlanshowbr-vlanid-utf": "14",
      "vlanshowbr-vlanname": "kentot",
      "vlanshowbr-vlanstate": "active"
  },
  {
      "vlanshowbr-shutstate": "noshutdown",
      "vlanshowbr-vlanid": "30",
      "vlanshowbr-vlanid-utf": "30",
      "vlanshowbr-vlanname": "TestVLAN",
      "vlanshowbr-vlanstate": "active"
  },
  {
      "vlanshowbr-shutstate": "noshutdown",
      "vlanshowbr-vlanid": "33",
      "vlanshowbr-vlanid-utf": "33",
      "vlanshowbr-vlanname": "rd",
      "vlanshowbr-vlanstate": "active"
  },
  {
      "vlanshowbr-shutstate": "noshutdown",
      "vlanshowbr-vlanid": "43",
      "vlanshowbr-vlanid-utf": "43",
      "vlanshowbr-vlanname": "faris",
      "vlanshowbr-vlanstate": "active"
  },
  {
      "vlanshowbr-shutstate": "noshutdown",
      "vlanshowbr-vlanid": "94",
      "vlanshowbr-vlanid-utf": "94",
      "vlanshowbr-vlanname": "klss",
      "vlanshowbr-vlanstate": "active"
  },
  {
      "vlanshowbr-shutstate": "noshutdown",
      "vlanshowbr-vlanid": "111",
      "vlanshowbr-vlanid-utf": "111",
      "vlanshowbr-vlanname": "HENDRYAWAN",
      "vlanshowbr-vlanstate": "active"
  },
  {
      "vlanshowbr-shutstate": "noshutdown",
      "vlanshowbr-vlanid": "201",
      "vlanshowbr-vlanid-utf": "201",
      "vlanshowbr-vlanname": "lov",
      "vlanshowbr-vlanstate": "active"
  },
  {
      "vlanshowbr-shutstate": "noshutdown",
      "vlanshowbr-vlanid": "432",
      "vlanshowbr-vlanid-utf": "432",
      "vlanshowbr-vlanname": "maklor",
      "vlanshowbr-vlanstate": "active"
  },
  {
      "vlanshowbr-shutstate": "noshutdown",
      "vlanshowbr-vlanid": "546",
      "vlanshowbr-vlanid-utf": "546",
      "vlanshowbr-vlanname": "mfes",
      "vlanshowbr-vlanstate": "active"
  },
  {
      "vlanshowbr-shutstate": "noshutdown",
      "vlanshowbr-vlanid": "643",
      "vlanshowbr-vlanid-utf": "643",
      "vlanshowbr-vlanname": "Hea",
      "vlanshowbr-vlanstate": "active"
  },
  {
      "vlanshowbr-shutstate": "noshutdown",
      "vlanshowbr-vlanid": "653",
      "vlanshowbr-vlanid-utf": "653",
      "vlanshowbr-vlanname": "mdked",
      "vlanshowbr-vlanstate": "active"
  },
  {
      "vlanshowbr-shutstate": "noshutdown",
      "vlanshowbr-vlanid": "700",
      "vlanshowbr-vlanid-utf": "700",
      "vlanshowbr-vlanname": "dpj_i",
      "vlanshowbr-vlanstate": "active"
  },
  {
      "vlanshowbr-shutstate": "noshutdown",
      "vlanshowbr-vlanid": "734",
      "vlanshowbr-vlanid-utf": "734",
      "vlanshowbr-vlanname": "mfs",
      "vlanshowbr-vlanstate": "active"
  },
  {
      "vlanshowbr-shutstate": "noshutdown",
      "vlanshowbr-vlanid": "845",
      "vlanshowbr-vlanid-utf": "845",
      "vlanshowbr-vlanname": "kaka",
      "vlanshowbr-vlanstate": "active"
  },
  {
      "vlanshowbr-shutstate": "noshutdown",
      "vlanshowbr-vlanid": "846",
      "vlanshowbr-vlanid-utf": "846",
      "vlanshowbr-vlanname": "fafafufu",
      "vlanshowbr-vlanstate": "active"
  },
  {
      "vlanshowbr-shutstate": "noshutdown",
      "vlanshowbr-vlanid": "900",
      "vlanshowbr-vlanid-utf": "900",
      "vlanshowbr-vlanname": "ENDUR",
      "vlanshowbr-vlanstate": "active"
  },
  {
      "vlanshowbr-shutstate": "noshutdown",
      "vlanshowbr-vlanid": "1023",
      "vlanshowbr-vlanid-utf": "1023",
      "vlanshowbr-vlanname": "kafe",
      "vlanshowbr-vlanstate": "active"
  }
]